,obj,R(m),r(m),v_rmax(m/s),m(kg),p(day)
0,1,693000000.0,13750987083.139757,2.5239372582957055e+30,20000.0,50.0
1,2,567000000.0,34377467707.849396,1.0095749033182822e+30,50000.0,50.0
